-- phpMyAdmin SQL Dump
-- version 5.2.1
-- https://www.phpmyadmin.net/
--
-- Servidor: 192.168.18.100
-- Tiempo de generación: 11-04-2023 a las 23:29:09
-- Versión del servidor: 8.0.32
-- Versión de PHP: 8.1.17

SET SQL_MODE = "NO_AUTO_VALUE_ON_ZERO";
START TRANSACTION;
SET time_zone = "+00:00";


/*!40101 SET @OLD_CHARACTER_SET_CLIENT=@@CHARACTER_SET_CLIENT */;
/*!40101 SET @OLD_CHARACTER_SET_RESULTS=@@CHARACTER_SET_RESULTS */;
/*!40101 SET @OLD_COLLATION_CONNECTION=@@COLLATION_CONNECTION */;
/*!40101 SET NAMES utf8mb4 */;

--
-- Base de datos: `ERP`
--

-- --------------------------------------------------------

--
-- Estructura de tabla para la tabla `GROUP`
--

CREATE TABLE `GROUP` (
  `Id` int NOT NULL,
  `Name` varchar(100) NOT NULL,
  `CreatedUser` varchar(50) NOT NULL,
  `UpdatedUser` varchar(50) NOT NULL,
  `CreatedDate` datetime NOT NULL,
  `UpdatedDate` datetime NOT NULL
) ENGINE=InnoDB DEFAULT CHARSET=utf8mb4 COLLATE=utf8mb4_0900_ai_ci;

--
-- Volcado de datos para la tabla `GROUP`
--

INSERT INTO `GROUP` (`Id`, `Name`, `CreatedUser`, `UpdatedUser`, `CreatedDate`, `UpdatedDate`) VALUES
(1, 'repellendus', '', '', '2019-12-12 01:12:48', '1982-04-15 13:25:42'),
(2, 'ex', '', '', '2013-06-19 15:34:38', '2002-10-14 01:29:34'),
(3, 'tempora', '', '', '1996-11-20 12:25:06', '1990-07-10 10:11:20'),
(4, 'labore', '', '', '1997-05-20 03:54:30', '1989-03-20 20:25:22'),
(5, 'dolore', '', '', '2013-12-08 01:11:07', '2003-12-15 18:08:01'),
(6, 'rerum', '', '', '2005-04-06 23:48:36', '1979-04-16 07:36:50'),
(7, 'suscipit', '', '', '2022-03-18 13:29:17', '1982-09-16 14:32:54'),
(8, 'magni', '', '', '1991-02-16 04:02:09', '1990-09-05 13:21:37'),
(9, 'exercitationem', '', '', '2001-04-30 05:29:04', '2011-02-02 11:28:46'),
(10, 'hic', '', '', '2019-06-17 08:09:11', '1976-03-14 03:36:05');

-- --------------------------------------------------------

--
-- Estructura de tabla para la tabla `GROUP_ROLE`
--

CREATE TABLE `GROUP_ROLE` (
  `Id` int NOT NULL,
  `RoleId` int NOT NULL,
  `GroupId` int NOT NULL,
  `CreatedUser` varchar(50) NOT NULL,
  `UpdatedUser` varchar(50) NOT NULL,
  `CreatedDate` datetime NOT NULL,
  `UpdatedDate` datetime NOT NULL
) ENGINE=InnoDB DEFAULT CHARSET=utf8mb4 COLLATE=utf8mb4_0900_ai_ci;

--
-- Volcado de datos para la tabla `GROUP_ROLE`
--

INSERT INTO `GROUP_ROLE` (`Id`, `RoleId`, `GroupId`, `CreatedUser`, `UpdatedUser`, `CreatedDate`, `UpdatedDate`) VALUES
(1, 1, 1, '', '', '1986-12-29 14:02:43', '1992-04-05 09:10:03'),
(2, 2, 2, '', '', '1990-10-29 03:41:04', '2018-02-07 08:29:00'),
(3, 3, 3, '', '', '2002-07-24 17:51:51', '2005-05-06 00:21:24'),
(4, 4, 4, '', '', '1986-01-11 04:42:03', '2000-02-20 17:25:53'),
(5, 5, 5, '', '', '1988-08-18 11:29:26', '2001-05-30 03:03:17'),
(6, 6, 6, '', '', '1974-06-03 17:29:51', '2020-12-02 10:27:21'),
(7, 7, 7, '', '', '1987-11-05 15:14:32', '1986-12-25 14:41:02'),
(8, 8, 8, '', '', '1987-06-27 12:49:15', '2020-11-05 12:50:46'),
(9, 9, 9, '', '', '2013-06-27 11:42:55', '1983-11-16 01:44:39'),
(10, 10, 10, '', '', '2021-01-02 09:06:51', '1976-08-29 08:51:24'),
(11, 1, 1, '', '', '1970-08-20 08:08:08', '2005-06-09 08:41:13'),
(12, 2, 2, '', '', '1991-05-06 16:45:00', '2005-11-15 20:52:53'),
(13, 3, 3, '', '', '1977-01-10 07:40:20', '2003-03-30 22:09:39'),
(14, 4, 4, '', '', '1980-03-05 17:26:50', '1978-04-12 17:17:22'),
(15, 5, 5, '', '', '1971-03-20 17:55:17', '1983-07-14 22:40:05'),
(16, 6, 6, '', '', '2002-06-27 16:20:12', '2000-02-10 14:01:38'),
(17, 7, 7, '', '', '2005-10-16 10:51:15', '1970-03-23 04:05:47'),
(18, 8, 8, '', '', '1986-09-21 10:31:17', '2005-01-22 00:20:15'),
(19, 9, 9, '', '', '1985-08-09 12:37:24', '2013-02-20 09:18:55'),
(20, 10, 10, '', '', '2014-08-03 20:38:15', '2011-10-08 14:45:21'),
(21, 1, 1, '', '', '2006-03-19 21:13:13', '2009-03-12 15:26:58'),
(22, 2, 2, '', '', '2000-01-10 21:31:17', '2018-05-18 16:13:56'),
(23, 3, 3, '', '', '2014-12-28 23:34:10', '1971-10-05 19:37:17'),
(24, 4, 4, '', '', '2011-11-28 03:15:40', '1992-02-06 10:34:36'),
(25, 5, 5, '', '', '2016-06-05 04:02:35', '1985-10-16 08:50:19'),
(26, 6, 6, '', '', '1980-07-15 21:48:08', '1996-01-14 08:34:08'),
(27, 7, 7, '', '', '2012-02-05 19:42:22', '2002-04-06 23:23:21'),
(28, 8, 8, '', '', '1984-12-28 03:29:32', '1971-08-14 09:33:51'),
(29, 9, 9, '', '', '2013-05-11 12:54:52', '1984-10-13 12:30:42'),
(30, 10, 10, '', '', '2017-08-12 22:25:21', '2018-08-17 18:43:50'),
(31, 1, 1, '', '', '1971-09-11 23:53:59', '1990-01-02 10:23:23'),
(32, 2, 2, '', '', '1988-04-02 17:30:20', '1985-09-15 09:40:17'),
(33, 3, 3, '', '', '2013-07-27 14:11:02', '1978-05-01 07:43:04'),
(34, 4, 4, '', '', '2017-12-28 19:54:41', '2019-06-12 16:48:55'),
(35, 5, 5, '', '', '2005-07-13 08:19:40', '2010-08-23 02:12:20'),
(36, 6, 6, '', '', '1978-05-12 13:34:49', '2015-07-11 22:40:59'),
(37, 7, 7, '', '', '1994-04-13 10:32:03', '1976-12-26 04:53:59'),
(38, 8, 8, '', '', '2022-12-09 05:20:52', '1989-05-22 06:41:11'),
(39, 9, 9, '', '', '1989-09-25 09:10:35', '2004-07-31 07:52:39'),
(40, 10, 10, '', '', '1979-06-01 14:10:57', '1980-10-30 06:54:00'),
(41, 1, 1, '', '', '1979-08-21 08:01:48', '2020-01-25 10:13:03'),
(42, 2, 2, '', '', '1989-09-12 22:06:02', '1992-05-31 13:58:45'),
(43, 3, 3, '', '', '2004-08-28 09:58:20', '1979-06-07 00:38:53'),
(44, 4, 4, '', '', '2005-11-27 08:27:30', '2020-04-19 16:18:04'),
(45, 5, 5, '', '', '1988-12-09 10:27:09', '1993-08-22 01:38:38'),
(46, 6, 6, '', '', '1980-11-27 02:47:42', '2004-10-14 12:20:45'),
(47, 7, 7, '', '', '1999-01-11 05:16:47', '1996-03-03 01:25:51'),
(48, 8, 8, '', '', '1979-03-03 01:17:53', '2000-08-30 06:00:46'),
(49, 9, 9, '', '', '1978-01-06 01:44:25', '1990-12-13 04:03:15'),
(50, 10, 10, '', '', '2000-10-01 16:36:25', '1993-10-06 08:29:57'),
(51, 1, 1, '', '', '2001-02-04 03:43:03', '1988-07-12 16:23:51'),
(52, 2, 2, '', '', '1972-01-28 10:49:22', '1995-04-13 11:45:31'),
(53, 3, 3, '', '', '1999-07-05 05:37:17', '2000-08-22 08:06:53'),
(54, 4, 4, '', '', '1998-07-05 05:36:29', '1978-10-17 03:47:15'),
(55, 5, 5, '', '', '1973-09-03 16:16:59', '2009-09-23 22:35:28'),
(56, 6, 6, '', '', '1993-07-03 07:38:42', '1988-07-17 16:37:37'),
(57, 7, 7, '', '', '1972-05-18 02:58:19', '2023-01-08 09:03:43'),
(58, 8, 8, '', '', '1974-06-04 18:00:31', '1971-07-30 01:55:06'),
(59, 9, 9, '', '', '1978-12-05 03:19:38', '2009-05-09 06:01:45'),
(60, 10, 10, '', '', '2009-09-22 21:55:10', '2012-03-18 14:16:57'),
(61, 1, 1, '', '', '1971-10-15 02:12:12', '1986-12-02 09:29:59'),
(62, 2, 2, '', '', '2006-01-03 01:37:37', '2002-11-10 14:51:47'),
(63, 3, 3, '', '', '1979-11-24 11:40:46', '1972-07-19 04:35:30'),
(64, 4, 4, '', '', '2001-11-08 14:03:44', '1994-01-21 03:34:26'),
(65, 5, 5, '', '', '2005-10-10 12:34:42', '1981-09-30 18:00:23'),
(66, 6, 6, '', '', '2005-05-29 02:08:09', '1995-09-27 01:46:16'),
(67, 7, 7, '', '', '1979-04-16 16:42:01', '2020-01-27 07:23:17'),
(68, 8, 8, '', '', '1975-03-07 15:55:11', '1990-12-29 18:43:16'),
(69, 9, 9, '', '', '2021-03-18 08:29:39', '2016-12-29 03:12:19'),
(70, 10, 10, '', '', '1988-01-17 12:24:09', '2014-04-20 00:51:52'),
(71, 1, 1, '', '', '2004-11-03 07:22:16', '2018-11-20 08:57:55'),
(72, 2, 2, '', '', '2005-04-24 18:57:21', '1980-05-25 10:48:59'),
(73, 3, 3, '', '', '2009-07-24 10:31:56', '1999-02-03 09:38:25'),
(74, 4, 4, '', '', '2018-02-15 05:07:01', '2018-04-26 20:04:48'),
(75, 5, 5, '', '', '1978-05-25 10:33:56', '1980-05-09 14:08:58'),
(76, 6, 6, '', '', '2014-11-28 06:21:49', '1973-11-17 16:36:41'),
(77, 7, 7, '', '', '2020-09-09 12:14:13', '2010-01-06 02:03:50'),
(78, 8, 8, '', '', '2000-05-15 00:17:45', '1999-10-20 22:54:18'),
(79, 9, 9, '', '', '1991-08-24 04:05:42', '2018-08-02 17:09:46'),
(80, 10, 10, '', '', '1982-03-03 14:31:39', '1983-12-07 22:24:21'),
(81, 1, 1, '', '', '1987-03-14 07:51:57', '2005-11-08 04:00:17'),
(82, 2, 2, '', '', '1982-04-21 22:07:09', '1975-06-21 21:05:55'),
(83, 3, 3, '', '', '2000-01-26 09:45:10', '1985-02-04 01:36:59'),
(84, 4, 4, '', '', '1998-11-08 11:25:58', '1994-11-05 04:24:59'),
(85, 5, 5, '', '', '1983-09-15 14:09:31', '2014-03-10 06:10:30'),
(86, 6, 6, '', '', '2004-01-18 06:39:02', '1977-06-19 09:26:43'),
(87, 7, 7, '', '', '1988-01-09 10:27:21', '2019-01-24 23:22:09'),
(88, 8, 8, '', '', '2014-12-02 10:15:48', '1972-07-12 05:43:28'),
(89, 9, 9, '', '', '1989-10-08 22:02:02', '2013-03-03 06:22:45'),
(90, 10, 10, '', '', '1991-02-25 16:42:53', '1973-04-18 06:28:27'),
(91, 1, 1, '', '', '2008-11-05 10:08:04', '2016-03-10 04:36:55'),
(92, 2, 2, '', '', '2014-07-31 06:35:41', '2022-02-22 14:02:28'),
(93, 3, 3, '', '', '2014-10-31 23:46:03', '1984-06-15 09:24:56'),
(94, 4, 4, '', '', '1990-04-30 18:16:33', '1970-02-01 07:55:02'),
(95, 5, 5, '', '', '2004-03-29 22:49:42', '1985-10-11 03:07:26'),
(96, 6, 6, '', '', '1984-10-30 04:30:32', '2004-01-05 07:45:09'),
(97, 7, 7, '', '', '2013-02-25 19:52:58', '2013-02-24 01:06:56'),
(98, 8, 8, '', '', '1988-11-07 09:42:18', '1979-02-12 22:38:01'),
(99, 9, 9, '', '', '2009-11-12 17:06:53', '1993-10-06 05:41:20'),
(100, 10, 10, '', '', '1986-03-15 19:21:40', '2020-12-10 00:13:03');

-- --------------------------------------------------------

--
-- Estructura de tabla para la tabla `ROLE`
--

CREATE TABLE `ROLE` (
  `Id` int NOT NULL,
  `Name` varchar(100) NOT NULL,
  `CreatedUser` varchar(50) NOT NULL,
  `UpdatedUser` varchar(50) NOT NULL,
  `CreatedDate` datetime NOT NULL,
  `UpdatedDate` datetime NOT NULL
) ENGINE=InnoDB DEFAULT CHARSET=utf8mb4 COLLATE=utf8mb4_0900_ai_ci;

--
-- Volcado de datos para la tabla `ROLE`
--

INSERT INTO `ROLE` (`Id`, `Name`, `CreatedUser`, `UpdatedUser`, `CreatedDate`, `UpdatedDate`) VALUES
(1, 'ut', '', '', '1978-09-10 06:07:08', '1975-08-10 16:13:18'),
(2, 'deserunt', '', '', '1997-12-19 04:06:26', '2019-04-19 00:45:52'),
(3, 'reprehenderit', '', '', '1974-07-02 21:24:44', '1977-05-04 02:49:12'),
(4, 'nesciunt', '', '', '1971-12-04 01:52:29', '1998-10-30 19:00:31'),
(5, 'impedit', '', '', '2016-07-27 05:55:13', '1992-06-08 03:22:20'),
(6, 'a', '', '', '2022-05-17 13:43:25', '2019-04-13 18:16:52'),
(7, 'veritatis', '', '', '2015-10-22 05:57:27', '1989-04-04 15:29:28'),
(8, 'aliquam', '', '', '2017-06-25 03:31:18', '1985-07-28 13:53:39'),
(9, 'voluptatem', '', '', '2017-04-24 12:28:42', '1977-05-27 16:15:14'),
(10, 'ea', '', '', '2006-07-30 22:39:43', '1993-04-09 10:44:49');

-- --------------------------------------------------------

--
-- Estructura de tabla para la tabla `USER`
--

CREATE TABLE `USER` (
  `Id` int NOT NULL,
  `Name` varchar(20) DEFAULT NULL,
  `LastName` varchar(50) DEFAULT NULL,
  `Email` varchar(100) DEFAULT NULL,
  `UserName` varchar(50) NOT NULL,
  `DocumentType` int DEFAULT NULL,
  `Document` varchar(10) DEFAULT NULL,
  `CreatedUser` varchar(50) NOT NULL,
  `UpdatedUser` varchar(50) NOT NULL,
  `CreatedDate` datetime NOT NULL,
  `UpdatedDate` datetime NOT NULL
) ENGINE=InnoDB DEFAULT CHARSET=utf8mb4 COLLATE=utf8mb4_0900_ai_ci;

--
-- Volcado de datos para la tabla `USER`
--

INSERT INTO `USER` (`Id`, `Name`, `LastName`, `Email`, `UserName`, `DocumentType`, `Document`, `CreatedUser`, `UpdatedUser`, `CreatedDate`, `UpdatedDate`) VALUES
(1, 'in', 'Stiedemann', 'merl.bailey@example.com', 'schamplin', NULL, NULL, '', '', '1981-12-19 11:54:54', '2007-03-26 16:08:36'),
(2, 'quia', 'Wisozk', 'nicholaus08@example.org', 'lizeth17', NULL, NULL, '', '', '1980-05-26 22:13:27', '2013-06-30 11:24:35'),
(3, 'et', 'Leffler', 'mraz.nicolas@example.net', 'helga78', NULL, NULL, '', '', '1992-04-11 07:02:15', '2014-06-27 09:54:23'),
(4, 'dolorem', 'Nolan', 'cristina90@example.org', 'von.lyric', NULL, NULL, '', '', '2010-09-10 20:13:13', '1979-06-27 16:58:34'),
(5, 'sit', 'Bode', 'schaden.rubye@example.org', 'orrin16', NULL, NULL, '', '', '1976-10-27 04:24:48', '1998-06-12 05:24:57'),
(6, 'animi', 'Stoltenberg', 'wisozk.domingo@example.net', 'romaguera.erin', NULL, NULL, '', '', '1974-07-03 01:58:32', '2017-08-20 10:32:54'),
(7, 'omnis', 'Weimann', 'fprohaska@example.com', 'astrid.braun', NULL, NULL, '', '', '1985-12-08 22:40:46', '2005-09-19 20:34:12'),
(8, 'dolores', 'Reichel', 'ubrekke@example.net', 'amy06', NULL, NULL, '', '', '2007-03-25 10:55:57', '2022-08-03 04:29:23'),
(9, 'excepturi', 'Pouros', 'bberge@example.com', 'marjory.romaguera', NULL, NULL, '', '', '2019-12-28 22:38:14', '2001-06-06 19:07:08'),
(10, 'vitae', 'Gorczany', 'doyle.toy@example.com', 'hagenes.donny', NULL, NULL, '', '', '2022-09-26 05:16:04', '1979-05-10 03:53:10'),
(11, 'beatae', 'Pfannerstill', 'anne.ernser@example.net', 'fweimann', NULL, NULL, '', '', '2000-05-10 07:26:21', '1973-04-19 17:25:47'),
(12, 'tempora', 'Rath', 'beahan.madaline@example.net', 'jzboncak', NULL, NULL, '', '', '1983-06-29 21:44:16', '2012-11-12 05:00:31'),
(13, 'et', 'Haag', 'roxane.kunde@example.net', 'celestine.herman', NULL, NULL, '', '', '1994-03-20 00:42:06', '1979-05-26 01:00:04'),
(14, 'quidem', 'Ratke', 'runte.stanton@example.org', 'cmonahan', NULL, NULL, '', '', '1979-12-11 15:20:07', '1989-03-15 13:49:36'),
(15, 'eum', 'Rice', 'bradford27@example.net', 'orn.viviane', NULL, NULL, '', '', '1996-05-24 22:46:21', '1987-07-16 00:32:23'),
(16, 'ducimus', 'Bartoletti', 'malcolm41@example.net', 'tnicolas', NULL, NULL, '', '', '1996-02-18 00:29:18', '2011-08-11 15:39:41'),
(17, 'quia', 'Ziemann', 'mallie85@example.net', 'ibrahim.hyatt', NULL, NULL, '', '', '1985-05-15 11:22:25', '1987-02-02 14:17:40'),
(18, 'similique', 'Witting', 'consuelo96@example.net', 'jedidiah.paucek', NULL, NULL, '', '', '1998-06-11 06:29:16', '2001-11-03 10:00:29'),
(19, 'aliquid', 'Rowe', 'winona12@example.net', 'daisha11', NULL, NULL, '', '', '1979-09-22 13:10:10', '1993-01-30 06:53:25'),
(20, 'in', 'Mosciski', 'wrutherford@example.net', 'hailie89', NULL, NULL, '', '', '1990-04-12 14:03:42', '2002-01-08 16:27:43'),
(21, 'assumenda', 'Windler', 'charlene03@example.com', 'cassie.marquardt', NULL, NULL, '', '', '1991-12-19 23:56:40', '1985-05-27 02:11:00'),
(22, 'ab', 'Metz', 'xmueller@example.net', 'ransom08', NULL, NULL, '', '', '2014-04-25 04:15:31', '1991-05-27 02:34:18'),
(23, 'distinctio', 'Hoeger', 'elta54@example.net', 'ckrajcik', NULL, NULL, '', '', '2008-05-24 05:08:19', '2016-07-20 10:49:23'),
(24, 'porro', 'Price', 'jace42@example.org', 'lauer', NULL, NULL, '', '', '2021-09-26 00:52:08', '1998-06-13 12:09:52'),
(25, 'qui', 'Bosco', 'maxwell16@example.org', 'nlockman', NULL, NULL, '', '', '2001-04-08 13:49:17', '1977-05-25 10:46:49'),
(26, 'illo', 'Beahan', 'nash.d\'amore@example.org', 'alexie73', NULL, NULL, '', '', '1978-10-27 01:41:24', '2012-04-24 12:23:20'),
(27, 'impedit', 'Yundt', 'bmayert@example.org', 'bergstrom.susan', NULL, NULL, '', '', '1984-01-19 14:55:36', '2020-04-06 07:41:17'),
(28, 'accusamus', 'McCullough', 'oceane61@example.org', 'fokuneva', NULL, NULL, '', '', '2006-10-15 18:04:19', '2006-09-07 17:07:04'),
(29, 'vero', 'Ernser', 'nathen.sauer@example.org', 'aritchie', NULL, NULL, '', '', '1995-11-08 12:26:31', '1988-01-11 05:49:56'),
(30, 'hic', 'Ritchie', 'mbauch@example.com', 'grady.lonny', NULL, NULL, '', '', '1971-09-23 09:28:37', '2014-02-02 01:26:23'),
(31, 'praesentium', 'Kautzer', 'lkoepp@example.com', 'lindsey.walker', NULL, NULL, '', '', '2020-11-20 11:22:43', '2005-12-19 14:41:38'),
(32, 'aut', 'Luettgen', 'shana50@example.org', 'patience.graham', NULL, NULL, '', '', '1978-07-04 11:14:47', '1991-09-23 12:46:18'),
(33, 'ad', 'Jenkins', 'hlang@example.org', 'cali22', NULL, NULL, '', '', '2019-03-13 09:58:20', '2018-11-14 18:10:20'),
(34, 'veniam', 'Feil', 'tgraham@example.net', 'hammes.josie', NULL, NULL, '', '', '2008-12-29 01:19:15', '2015-02-06 20:27:59'),
(35, 'dolor', 'Block', 'kertzmann.jeff@example.org', 'lennie.labadie', NULL, NULL, '', '', '1984-10-08 05:11:01', '2015-07-28 08:30:16'),
(36, 'maxime', 'Nader', 'dell91@example.org', 'balistreri.boris', NULL, NULL, '', '', '2005-06-13 17:13:40', '2022-10-05 04:00:48'),
(37, 'dolorem', 'Moore', 'elyse17@example.org', 'simeon39', NULL, NULL, '', '', '1983-09-04 04:24:44', '2012-08-01 05:12:09'),
(38, 'minus', 'Turner', 'mclaughlin.troy@example.org', 'rschinner', NULL, NULL, '', '', '1987-03-17 16:52:03', '2007-05-18 13:34:02'),
(39, 'dolorem', 'Stokes', 'king.cole@example.net', 'noemie64', NULL, NULL, '', '', '2012-11-23 22:39:12', '1975-10-11 10:00:25'),
(40, 'reiciendis', 'Lehner', 'schuster.marcella@example.org', 'grodriguez', NULL, NULL, '', '', '1999-11-28 01:27:53', '2001-11-09 09:03:38'),
(41, 'minus', 'Ratke', 'xwilkinson@example.org', 'hbaumbach', NULL, NULL, '', '', '1980-09-25 07:03:26', '2014-11-07 20:06:59'),
(42, 'doloremque', 'Corwin', 'jdare@example.org', 'collier.adolfo', NULL, NULL, '', '', '2010-11-24 03:45:03', '1984-12-27 19:54:39'),
(43, 'similique', 'Hoeger', 'fkilback@example.com', 'waelchi.aubree', NULL, NULL, '', '', '2000-02-17 20:40:24', '1979-01-11 20:07:38'),
(44, 'culpa', 'Considine', 'eupton@example.net', 'bterry', NULL, NULL, '', '', '2002-12-21 03:54:02', '2021-02-27 19:49:25'),
(45, 'saepe', 'Purdy', 'lillie.gottlieb@example.com', 'tdurgan', NULL, NULL, '', '', '1978-08-18 10:53:32', '1978-04-21 16:43:42'),
(46, 'nam', 'McKenzie', 'loren.bechtelar@example.org', 'daniel.zachariah', NULL, NULL, '', '', '1992-07-10 01:46:37', '2010-04-09 21:28:44'),
(47, 'veniam', 'Ferry', 'maud53@example.org', 'skeebler', NULL, NULL, '', '', '1987-04-13 03:22:10', '1983-12-27 00:19:40'),
(48, 'distinctio', 'Jenkins', 'ekunze@example.net', 'zulauf.jody', NULL, NULL, '', '', '2016-01-10 06:14:53', '2017-05-30 09:19:30'),
(49, 'quia', 'Kerluke', 'felipa00@example.com', 'tillman66', NULL, NULL, '', '', '2005-12-08 04:39:59', '2023-03-24 06:42:56'),
(50, 'vero', 'Rippin', 'cassidy.mohr@example.net', 'nathan.kris', NULL, NULL, '', '', '1987-12-06 01:41:06', '1990-01-12 14:02:16'),
(51, 'qui', 'Bruen', 'alana26@example.com', 'fbuckridge', NULL, NULL, '', '', '2021-03-13 16:01:54', '2018-04-08 12:05:34'),
(52, 'optio', 'Kiehn', 'ohoppe@example.net', 'carter.candida', NULL, NULL, '', '', '2023-02-01 18:58:25', '1996-06-21 13:29:06'),
(53, 'tenetur', 'Mann', 'hilton.gottlieb@example.net', 'hirthe.verna', NULL, NULL, '', '', '1984-09-05 05:07:45', '1999-07-14 15:15:29'),
(54, 'vero', 'Kovacek', 'jena.kilback@example.org', 'mraz.april', NULL, NULL, '', '', '1978-09-15 02:10:12', '1976-01-24 18:16:58'),
(55, 'aut', 'Marquardt', 'torp.garrison@example.org', 'skye32', NULL, NULL, '', '', '1986-09-07 18:31:00', '1978-11-29 01:51:02'),
(56, 'maxime', 'Goyette', 'hettinger.lorena@example.com', 'champlin.nicholas', NULL, NULL, '', '', '1980-10-26 14:44:40', '2007-05-25 10:19:23'),
(57, 'quaerat', 'Steuber', 'allan14@example.net', 'raymundo.crona', NULL, NULL, '', '', '1991-05-25 12:32:45', '1997-03-09 07:17:21'),
(58, 'impedit', 'Altenwerth', 'trenton.lynch@example.org', 'rsanford', NULL, NULL, '', '', '1995-08-08 11:44:06', '2001-10-08 17:54:38'),
(59, 'illum', 'Russel', 'rohan.lenora@example.org', 'meda.dicki', NULL, NULL, '', '', '2009-01-21 17:24:37', '2001-03-19 09:32:42'),
(60, 'sed', 'Yundt', 'mitchell.alexander@example.com', 'volkman.kelsie', NULL, NULL, '', '', '2003-11-13 22:40:27', '1982-03-21 03:34:36'),
(61, 'numquam', 'Rath', 'adelbert02@example.com', 'eulalia47', NULL, NULL, '', '', '1978-08-22 12:31:30', '2006-11-29 14:32:16'),
(62, 'sit', 'VonRueden', 'brown.era@example.net', 'zflatley', NULL, NULL, '', '', '2016-04-30 22:47:25', '2022-05-06 19:23:59'),
(63, 'voluptates', 'Hoeger', 'edwina79@example.org', 'egerlach', NULL, NULL, '', '', '1970-04-15 12:02:15', '1995-09-16 18:47:00'),
(64, 'asperiores', 'Mayert', 'rolfson.lela@example.com', 'godfrey.adams', NULL, NULL, '', '', '1980-02-17 22:26:52', '2019-03-30 13:40:42'),
(65, 'architecto', 'Donnelly', 'schultz.aracely@example.com', 'adah07', NULL, NULL, '', '', '2000-10-07 00:40:43', '2001-11-14 04:10:38'),
(66, 'temporibus', 'Hodkiewicz', 'hdach@example.net', 'prosacco.quinton', NULL, NULL, '', '', '2006-07-03 14:15:11', '2009-06-29 10:29:27'),
(67, 'id', 'Legros', 'pmccullough@example.net', 'mclaughlin.linwood', NULL, NULL, '', '', '1996-07-29 17:00:31', '1991-11-01 11:22:42'),
(68, 'voluptatum', 'Douglas', 'conn.amber@example.org', 'albertha.gibson', NULL, NULL, '', '', '1992-03-23 01:19:48', '1974-06-21 08:58:59'),
(69, 'eos', 'Rath', 'monserrat.gulgowski@example.net', 'annalise29', NULL, NULL, '', '', '1989-10-24 18:52:46', '1975-04-05 17:12:28'),
(70, 'culpa', 'Turcotte', 'wyatt21@example.org', 'rickie15', NULL, NULL, '', '', '1995-05-19 04:29:06', '2020-10-20 13:17:05'),
(71, 'saepe', 'Mitchell', 'haley.carrie@example.org', 'breana.thompson', NULL, NULL, '', '', '2004-08-13 05:19:04', '2007-10-26 10:14:23'),
(72, 'laudantium', 'Volkman', 'kaleigh.leuschke@example.com', 'htreutel', NULL, NULL, '', '', '2009-09-09 07:55:06', '2006-11-15 11:35:25'),
(73, 'quo', 'Nitzsche', 'qwunsch@example.com', 'medhurst.ashleigh', NULL, NULL, '', '', '1970-03-13 22:28:46', '1971-10-31 13:24:18'),
(74, 'itaque', 'Goldner', 'kareem.pfeffer@example.org', 'art.hilll', NULL, NULL, '', '', '1970-05-16 14:54:57', '2004-03-17 16:14:07'),
(75, 'consequatur', 'Hills', 'bayer.mark@example.net', 'lkirlin', NULL, NULL, '', '', '2021-01-29 20:32:43', '1990-06-15 03:10:28'),
(76, 'ratione', 'Klein', 'garland63@example.com', 'rosalinda.quitzon', NULL, NULL, '', '', '1977-01-07 19:34:31', '1990-04-16 21:05:26'),
(77, 'ratione', 'Conroy', 'sbode@example.com', 'kari01', NULL, NULL, '', '', '2016-10-29 05:56:04', '1978-10-26 03:02:35'),
(78, 'occaecati', 'Franecki', 'botsford.darryl@example.org', 'ila50', NULL, NULL, '', '', '2007-09-28 05:42:22', '2022-05-17 08:22:51'),
(79, 'iste', 'Larson', 'dubuque.beau@example.com', 'tracy14', NULL, NULL, '', '', '2019-05-30 20:10:22', '1983-09-05 19:37:25'),
(80, 'nobis', 'Skiles', 'amaya.mcdermott@example.net', 'leda.schmeler', NULL, NULL, '', '', '1989-08-19 14:11:11', '1994-08-03 20:26:04'),
(81, 'veniam', 'Lubowitz', 'lang.jerrell@example.com', 'june.balistreri', NULL, NULL, '', '', '2005-01-12 04:46:34', '1991-01-14 11:24:24'),
(82, 'reiciendis', 'Mayert', 'moore.paige@example.com', 'mlangworth', NULL, NULL, '', '', '1988-08-18 05:49:00', '1990-10-21 10:48:34'),
(83, 'voluptates', 'Wolff', 'balistreri.lisette@example.com', 'qlakin', NULL, NULL, '', '', '1992-05-10 22:28:20', '2014-12-31 23:56:09'),
(84, 'sed', 'Swaniawski', 'estokes@example.com', 'krystina74', NULL, NULL, '', '', '1993-03-06 17:00:00', '1980-08-16 03:08:17'),
(85, 'accusantium', 'Hoeger', 'quigley.shawna@example.org', 'jreichert', NULL, NULL, '', '', '1993-05-27 15:21:09', '1975-02-25 13:18:46'),
(86, 'debitis', 'Wintheiser', 'donnie09@example.com', 'brent.sipes', NULL, NULL, '', '', '1975-07-20 07:38:50', '2013-09-12 17:43:47'),
(87, 'architecto', 'Spinka', 'cole.lauretta@example.net', 'kub.jeff', NULL, NULL, '', '', '1983-11-11 07:44:08', '2010-04-13 12:26:53'),
(88, 'dignissimos', 'Conroy', 'wilber37@example.com', 'wgerhold', NULL, NULL, '', '', '1973-11-12 12:42:47', '2021-03-26 15:34:18'),
(89, 'recusandae', 'Kozey', 'pacocha.davonte@example.net', 'amara30', NULL, NULL, '', '', '2006-10-14 20:55:39', '1971-10-31 04:20:59'),
(90, 'fuga', 'Hammes', 'neha.bode@example.com', 'casandra.nicolas', NULL, NULL, '', '', '1978-02-11 11:10:26', '2020-03-05 11:42:00'),
(91, 'qui', 'Stanton', 'lempi.trantow@example.org', 'sawayn.lisandro', NULL, NULL, '', '', '2011-05-19 20:59:07', '2008-07-22 11:25:49'),
(92, 'odio', 'Hammes', 'rkertzmann@example.net', 'hilton.koepp', NULL, NULL, '', '', '1993-07-17 05:43:56', '1981-05-11 19:27:14'),
(93, 'aliquam', 'Boyle', 'odare@example.net', 'aweimann', NULL, NULL, '', '', '2000-07-26 09:15:29', '1986-07-02 16:01:29'),
(94, 'est', 'Auer', 'brakus.tatyana@example.net', 'amalia.o\'reilly', NULL, NULL, '', '', '2004-01-22 11:30:35', '1992-01-10 03:42:48'),
(95, 'distinctio', 'Mante', 'jmills@example.net', 'nash.wisoky', NULL, NULL, '', '', '2013-04-18 14:04:44', '1975-08-26 13:31:45'),
(96, 'ut', 'Mayer', 'josephine.kerluke@example.net', 'marques.lindgren', NULL, NULL, '', '', '1987-10-29 21:54:12', '1989-09-07 02:40:30'),
(97, 'aut', 'Schmeler', 'grayson.schoen@example.com', 'uvonrueden', NULL, NULL, '', '', '1977-12-27 08:08:08', '2007-04-22 05:57:08'),
(98, 'natus', 'Sauer', 'daugherty.anna@example.com', 'giovanny.wisoky', NULL, NULL, '', '', '1990-12-28 15:09:58', '2018-01-17 11:45:01'),
(99, 'mollitia', 'Schoen', 'jhettinger@example.net', 'okris', NULL, NULL, '', '', '1971-09-11 12:11:39', '2007-09-06 18:11:11'),
(100, 'vero', 'Hirthe', 'rogers.ratke@example.org', 'schuppe.dena', NULL, NULL, '', '', '1998-11-20 15:33:32', '1973-03-24 17:29:15');

-- --------------------------------------------------------

--
-- Estructura de tabla para la tabla `USER_GROUP`
--

CREATE TABLE `USER_GROUP` (
  `Id` int NOT NULL,
  `UserId` int NOT NULL,
  `GroupId` int NOT NULL,
  `CreatedUser` varchar(50) NOT NULL,
  `UpdatedUser` varchar(50) NOT NULL,
  `CreatedDate` datetime NOT NULL,
  `UpdatedDate` datetime NOT NULL
) ENGINE=InnoDB DEFAULT CHARSET=utf8mb4 COLLATE=utf8mb4_0900_ai_ci;

--
-- Volcado de datos para la tabla `USER_GROUP`
--

INSERT INTO `USER_GROUP` (`Id`, `UserId`, `GroupId`, `CreatedUser`, `UpdatedUser`, `CreatedDate`, `UpdatedDate`) VALUES
(201, 1, 1, '', '', '1976-06-18 23:58:15', '2008-06-09 06:48:13'),
(202, 2, 2, '', '', '2020-01-04 10:10:37', '1989-10-31 06:08:47'),
(203, 3, 3, '', '', '2014-10-09 00:56:09', '2001-12-16 17:15:42'),
(204, 4, 4, '', '', '1983-11-03 17:07:36', '1972-07-19 06:05:13'),
(205, 5, 5, '', '', '1986-01-25 15:44:28', '1998-06-07 10:08:08'),
(206, 6, 6, '', '', '1979-08-18 20:07:46', '1998-05-27 14:48:49'),
(207, 7, 7, '', '', '1982-09-21 23:46:25', '1978-06-17 05:33:59'),
(208, 8, 8, '', '', '1995-03-27 09:23:36', '1983-01-09 18:34:31'),
(209, 9, 9, '', '', '1978-02-27 12:11:37', '1986-06-30 16:18:49'),
(210, 10, 10, '', '', '2016-05-13 20:17:09', '1999-11-27 09:24:51'),
(211, 11, 1, '', '', '1983-08-16 16:09:51', '1991-04-23 19:25:53'),
(212, 12, 2, '', '', '1972-06-16 02:22:09', '2001-09-04 21:24:59'),
(213, 13, 3, '', '', '2016-03-18 17:14:00', '1985-05-14 13:15:06'),
(214, 14, 4, '', '', '2000-03-20 20:20:34', '1986-01-20 16:14:29'),
(215, 15, 5, '', '', '1987-06-23 22:03:37', '1984-05-18 06:49:10'),
(216, 16, 6, '', '', '2008-04-27 18:49:50', '1997-04-23 13:06:49'),
(217, 17, 7, '', '', '2007-07-01 08:05:35', '2015-08-15 02:14:06'),
(218, 18, 8, '', '', '1983-12-06 04:36:12', '2012-08-03 01:40:44'),
(219, 19, 9, '', '', '1981-11-26 07:24:57', '2003-07-23 00:29:42'),
(220, 20, 10, '', '', '2003-07-14 19:08:58', '1975-12-10 08:10:25'),
(221, 21, 1, '', '', '2004-11-18 11:36:36', '1994-08-30 16:19:03'),
(222, 22, 2, '', '', '2017-09-01 00:25:48', '2015-07-16 02:18:22'),
(223, 23, 3, '', '', '1997-11-10 18:48:52', '2019-09-12 21:42:14'),
(224, 24, 4, '', '', '2003-04-20 08:07:57', '1994-03-30 06:43:22'),
(225, 25, 5, '', '', '1991-01-18 11:27:21', '1983-07-03 05:05:11'),
(226, 26, 6, '', '', '2009-04-21 07:12:45', '2022-07-19 20:30:43'),
(227, 27, 7, '', '', '1976-03-12 00:58:55', '1973-12-11 13:35:01'),
(228, 28, 8, '', '', '1987-06-10 08:02:37', '1986-08-13 10:54:22'),
(229, 29, 9, '', '', '1973-07-11 05:40:16', '1970-11-30 12:41:55'),
(230, 30, 10, '', '', '1978-07-16 21:02:32', '2011-02-20 03:38:13'),
(231, 31, 1, '', '', '2013-02-15 08:00:05', '1981-09-11 07:36:37'),
(232, 32, 2, '', '', '1987-02-15 07:42:30', '1988-07-31 06:28:27'),
(233, 33, 3, '', '', '2013-04-10 05:28:44', '1981-03-20 16:51:40'),
(234, 34, 4, '', '', '1982-03-23 22:50:18', '1989-07-29 10:16:08'),
(235, 35, 5, '', '', '2022-05-20 18:09:14', '2008-01-29 14:49:19'),
(236, 36, 6, '', '', '2006-08-15 00:53:15', '1980-09-21 17:25:31'),
(237, 37, 7, '', '', '2006-09-15 12:11:59', '2012-03-28 11:00:02'),
(238, 38, 8, '', '', '1984-03-26 04:29:46', '1987-02-12 01:26:31'),
(239, 39, 9, '', '', '2004-02-04 01:07:16', '2012-06-30 07:13:00'),
(240, 40, 10, '', '', '1975-11-09 07:58:35', '1979-05-11 05:46:30'),
(241, 41, 1, '', '', '2011-06-22 19:50:52', '2014-08-21 04:32:39'),
(242, 42, 2, '', '', '1977-04-24 18:43:16', '1994-08-07 23:57:18'),
(243, 43, 3, '', '', '2004-06-10 22:58:00', '1972-05-23 23:06:02'),
(244, 44, 4, '', '', '2012-04-25 18:30:38', '2022-10-23 23:32:52'),
(245, 45, 5, '', '', '2002-06-10 03:30:06', '1992-07-24 06:44:30'),
(246, 46, 6, '', '', '2023-03-26 23:48:04', '1975-03-09 08:05:08'),
(247, 47, 7, '', '', '2019-01-08 04:37:09', '1975-02-10 22:36:55'),
(248, 48, 8, '', '', '2008-12-03 10:37:00', '1999-08-03 20:48:14'),
(249, 49, 9, '', '', '1987-10-12 13:45:38', '1975-05-21 09:43:21'),
(250, 50, 10, '', '', '2000-03-04 22:09:18', '1998-07-27 17:55:01'),
(251, 51, 1, '', '', '1979-07-08 20:43:39', '2003-09-24 00:56:56'),
(252, 52, 2, '', '', '2012-10-24 10:47:07', '1975-03-27 23:06:41'),
(253, 53, 3, '', '', '1973-05-10 13:05:16', '2009-02-18 04:02:02'),
(254, 54, 4, '', '', '1996-09-23 18:20:46', '1971-07-14 14:14:52'),
(255, 55, 5, '', '', '2017-05-02 15:41:10', '1988-09-02 12:29:20'),
(256, 56, 6, '', '', '1994-06-30 06:29:37', '1984-12-08 10:18:03'),
(257, 57, 7, '', '', '2007-06-16 10:55:24', '1992-05-04 05:56:28'),
(258, 58, 8, '', '', '2015-01-05 03:59:43', '2019-06-22 22:11:06'),
(259, 59, 9, '', '', '1994-02-11 20:17:45', '2016-01-13 21:42:56'),
(260, 60, 10, '', '', '2021-10-15 14:19:07', '2012-07-28 16:20:15'),
(261, 61, 1, '', '', '1987-07-02 12:04:43', '1995-06-25 17:51:12'),
(262, 62, 2, '', '', '2015-03-14 17:30:32', '1980-10-03 14:09:27'),
(263, 63, 3, '', '', '2001-01-08 22:27:09', '1996-06-08 19:31:26'),
(264, 64, 4, '', '', '1992-08-24 09:32:22', '2017-01-27 13:15:08'),
(265, 65, 5, '', '', '1981-05-03 02:40:19', '2006-03-22 08:19:33'),
(266, 66, 6, '', '', '1999-05-27 13:09:41', '1999-03-08 02:52:50'),
(267, 67, 7, '', '', '2016-07-03 19:33:19', '2000-04-24 16:06:43'),
(268, 68, 8, '', '', '1972-10-31 15:17:21', '2011-05-03 23:45:18'),
(269, 69, 9, '', '', '1981-05-15 11:26:52', '1996-08-15 03:38:40'),
(270, 70, 10, '', '', '1989-05-10 23:48:25', '1974-10-15 20:00:09'),
(271, 71, 1, '', '', '2015-05-15 04:57:54', '1988-01-11 13:03:50'),
(272, 72, 2, '', '', '2009-06-19 18:13:06', '1993-10-25 22:15:19'),
(273, 73, 3, '', '', '2008-05-03 00:02:17', '2021-06-26 04:22:44'),
(274, 74, 4, '', '', '2016-02-24 06:51:23', '1997-04-04 09:52:46'),
(275, 75, 5, '', '', '2019-11-22 21:22:03', '2020-12-23 07:51:23'),
(276, 76, 6, '', '', '1991-04-04 18:19:48', '2009-02-15 14:35:56'),
(277, 77, 7, '', '', '1983-06-06 15:36:46', '1990-04-27 19:50:50'),
(278, 78, 8, '', '', '1977-11-21 01:45:05', '1998-08-06 14:04:25'),
(279, 79, 9, '', '', '2003-03-19 14:12:53', '1976-10-10 21:24:15'),
(280, 80, 10, '', '', '2004-10-28 22:36:36', '2013-07-11 00:01:42'),
(281, 81, 1, '', '', '1971-04-10 05:17:51', '2022-03-07 18:38:11'),
(282, 82, 2, '', '', '2012-06-29 11:13:49', '1980-10-25 22:29:31'),
(283, 83, 3, '', '', '1978-07-31 21:46:42', '1982-11-20 18:24:21'),
(284, 84, 4, '', '', '2012-06-21 10:30:28', '1983-08-19 08:00:59'),
(285, 85, 5, '', '', '1998-07-14 20:46:21', '1997-07-16 23:05:23'),
(286, 86, 6, '', '', '1995-07-17 13:41:06', '1991-07-16 17:41:12'),
(287, 87, 7, '', '', '1995-10-18 20:53:20', '1998-10-19 10:11:54'),
(288, 88, 8, '', '', '2014-01-03 08:34:05', '1973-05-20 23:03:01'),
(289, 89, 9, '', '', '2016-10-29 14:22:53', '1979-10-15 07:42:06'),
(290, 90, 10, '', '', '2008-06-03 09:37:08', '1984-02-07 13:43:21'),
(291, 91, 1, '', '', '2022-02-22 11:24:32', '1984-08-05 21:06:23'),
(292, 92, 2, '', '', '1982-01-20 01:35:12', '2011-06-03 09:30:36'),
(293, 93, 3, '', '', '1983-03-01 14:06:11', '1975-08-09 10:24:24'),
(294, 94, 4, '', '', '2016-09-21 00:05:28', '2008-09-26 21:34:37'),
(295, 95, 5, '', '', '1984-09-05 18:06:32', '1987-11-30 08:59:42'),
(296, 96, 6, '', '', '1982-10-16 19:40:35', '2023-01-08 11:31:20'),
(297, 97, 7, '', '', '2010-03-05 11:27:03', '2001-04-23 04:09:23'),
(298, 98, 8, '', '', '1992-06-07 15:38:03', '1982-05-18 00:24:25'),
(299, 99, 9, '', '', '1997-03-28 03:56:55', '1971-07-03 02:48:23'),
(300, 100, 10, '', '', '2011-12-06 08:30:53', '2016-01-22 05:27:33');

-- --------------------------------------------------------

--
-- Estructura de tabla para la tabla `USER_ROLE`
--

CREATE TABLE `USER_ROLE` (
  `Id` int NOT NULL,
  `UserId` int NOT NULL,
  `RoleId` int NOT NULL,
  `CreatedUser` varchar(50) NOT NULL,
  `UpdatedUser` varchar(50) NOT NULL,
  `CreatedDate` datetime NOT NULL,
  `UpdatedDate` datetime NOT NULL
) ENGINE=InnoDB DEFAULT CHARSET=utf8mb4 COLLATE=utf8mb4_0900_ai_ci;

--
-- Volcado de datos para la tabla `USER_ROLE`
--

INSERT INTO `USER_ROLE` (`Id`, `UserId`, `RoleId`, `CreatedUser`, `UpdatedUser`, `CreatedDate`, `UpdatedDate`) VALUES
(201, 1, 1, '', '', '1986-10-06 02:08:02', '2003-06-07 22:26:41'),
(202, 2, 2, '', '', '1975-01-06 19:57:12', '1997-01-20 22:41:53'),
(203, 3, 3, '', '', '1990-07-23 18:46:26', '2001-07-07 00:47:04'),
(204, 4, 4, '', '', '2009-08-25 13:10:32', '1988-05-17 09:17:48'),
(205, 5, 5, '', '', '2021-04-01 23:12:36', '2005-03-24 19:29:04'),
(206, 6, 6, '', '', '2004-07-12 09:29:04', '2007-08-16 13:46:44'),
(207, 7, 7, '', '', '2014-09-30 05:32:51', '1991-07-26 13:22:28'),
(208, 8, 8, '', '', '1995-11-11 08:24:37', '2012-07-02 08:12:43'),
(209, 9, 9, '', '', '2005-09-13 14:06:38', '1995-11-09 05:45:56'),
(210, 10, 10, '', '', '1982-10-17 18:40:29', '1974-01-09 00:35:09'),
(211, 11, 1, '', '', '1987-02-25 13:14:44', '2016-08-15 21:04:29'),
(212, 12, 2, '', '', '1986-12-22 15:15:18', '1981-01-10 03:11:38'),
(213, 13, 3, '', '', '1980-09-25 19:08:02', '2010-03-22 15:28:14'),
(214, 14, 4, '', '', '1995-10-12 12:43:37', '2010-03-18 04:01:11'),
(215, 15, 5, '', '', '1997-07-04 17:35:07', '2016-12-02 05:13:24'),
(216, 16, 6, '', '', '1970-02-14 02:35:08', '1984-05-06 02:34:53'),
(217, 17, 7, '', '', '2020-06-07 14:36:39', '2017-08-03 01:52:08'),
(218, 18, 8, '', '', '2006-03-04 16:48:59', '1975-04-26 07:14:03'),
(219, 19, 9, '', '', '1971-02-28 01:16:24', '1991-02-18 15:46:33'),
(220, 20, 10, '', '', '1981-09-03 23:27:10', '2020-07-10 07:11:08'),
(221, 21, 1, '', '', '1973-12-31 12:50:48', '1981-06-07 06:00:51'),
(222, 22, 2, '', '', '1996-01-16 00:37:16', '1970-09-29 22:41:56'),
(223, 23, 3, '', '', '1992-01-25 13:15:51', '2014-11-26 06:59:17'),
(224, 24, 4, '', '', '1994-12-22 00:28:56', '1992-04-04 11:18:19'),
(225, 25, 5, '', '', '2010-04-11 17:25:54', '2016-05-26 06:28:34'),
(226, 26, 6, '', '', '2003-03-04 07:02:52', '1971-07-31 03:16:14'),
(227, 27, 7, '', '', '2016-08-22 03:41:58', '1984-09-09 20:35:54'),
(228, 28, 8, '', '', '2012-07-18 06:16:44', '1986-08-28 05:16:53'),
(229, 29, 9, '', '', '2006-12-16 13:44:16', '1991-02-26 14:51:06'),
(230, 30, 10, '', '', '2017-07-22 11:21:04', '1984-06-26 00:30:21'),
(231, 31, 1, '', '', '1983-09-13 06:21:55', '2010-06-16 10:38:23'),
(232, 32, 2, '', '', '1974-10-24 02:38:55', '2013-06-28 20:30:53'),
(233, 33, 3, '', '', '1991-12-16 12:40:20', '2002-07-02 13:25:00'),
(234, 34, 4, '', '', '2021-03-19 12:42:57', '2014-08-27 00:10:49'),
(235, 35, 5, '', '', '1990-02-12 06:16:53', '1981-03-09 07:37:57'),
(236, 36, 6, '', '', '2011-05-05 12:21:29', '2020-08-29 05:15:18'),
(237, 37, 7, '', '', '1970-06-14 13:45:58', '2012-10-08 22:08:06'),
(238, 38, 8, '', '', '1983-08-14 00:25:49', '2018-03-13 05:54:35'),
(239, 39, 9, '', '', '1977-12-19 01:46:10', '1991-06-02 21:51:34'),
(240, 40, 10, '', '', '1993-11-29 11:07:25', '1988-04-13 23:15:01'),
(241, 41, 1, '', '', '1994-03-17 05:29:24', '1987-01-23 10:19:12'),
(242, 42, 2, '', '', '2009-01-23 23:42:11', '2017-08-21 08:00:17'),
(243, 43, 3, '', '', '2002-02-20 01:00:59', '1998-12-18 03:35:58'),
(244, 44, 4, '', '', '2011-08-22 11:30:24', '1993-08-28 19:54:02'),
(245, 45, 5, '', '', '1975-09-11 20:53:28', '1985-03-14 03:13:36'),
(246, 46, 6, '', '', '2016-05-12 23:13:30', '2008-03-31 05:22:36'),
(247, 47, 7, '', '', '2012-07-27 06:54:39', '1977-02-11 04:42:18'),
(248, 48, 8, '', '', '1972-08-11 15:22:34', '1972-02-05 10:35:29'),
(249, 49, 9, '', '', '2014-02-10 18:14:19', '1986-10-15 16:23:30'),
(250, 50, 10, '', '', '2000-02-19 03:03:06', '1975-08-22 20:50:22'),
(251, 51, 1, '', '', '1971-05-10 09:04:32', '2007-09-13 13:15:57'),
(252, 52, 2, '', '', '1996-04-20 12:16:24', '2011-01-08 01:28:11'),
(253, 53, 3, '', '', '2004-01-03 15:06:08', '1979-10-24 08:34:21'),
(254, 54, 4, '', '', '2018-05-27 11:53:07', '1971-05-10 00:36:34'),
(255, 55, 5, '', '', '1971-05-07 01:08:50', '1970-03-04 05:46:30'),
(256, 56, 6, '', '', '2020-08-31 10:49:41', '1989-08-16 15:12:52'),
(257, 57, 7, '', '', '1984-04-15 07:40:42', '2006-11-19 17:02:50'),
(258, 58, 8, '', '', '1982-01-17 19:48:17', '1977-03-29 23:51:24'),
(259, 59, 9, '', '', '2023-01-24 05:53:15', '1975-09-12 17:24:02'),
(260, 60, 10, '', '', '2007-12-20 08:00:41', '1981-04-23 19:56:59'),
(261, 61, 1, '', '', '1982-07-31 14:30:56', '2013-05-03 08:53:12'),
(262, 62, 2, '', '', '2000-04-05 21:00:55', '1970-10-24 16:39:12'),
(263, 63, 3, '', '', '2003-08-16 06:24:08', '1999-09-01 22:42:53'),
(264, 64, 4, '', '', '1973-11-29 12:37:07', '1998-09-14 08:32:25'),
(265, 65, 5, '', '', '2004-10-16 10:51:11', '2009-02-25 11:00:10'),
(266, 66, 6, '', '', '2019-08-23 18:26:47', '1997-06-22 01:56:13'),
(267, 67, 7, '', '', '1986-02-19 04:18:16', '1997-09-02 01:30:26'),
(268, 68, 8, '', '', '1988-09-14 10:08:46', '1988-05-01 02:13:50'),
(269, 69, 9, '', '', '1984-10-08 00:57:17', '1979-02-23 14:25:10'),
(270, 70, 10, '', '', '1978-04-25 14:47:34', '2014-08-09 03:03:22'),
(271, 71, 1, '', '', '1981-11-08 03:33:37', '2017-12-29 23:13:54'),
(272, 72, 2, '', '', '1999-12-04 21:29:06', '1993-04-09 20:08:39'),
(273, 73, 3, '', '', '2016-02-01 16:59:23', '1984-02-02 11:40:11'),
(274, 74, 4, '', '', '1977-06-08 12:45:17', '2004-03-13 04:45:21'),
(275, 75, 5, '', '', '2004-07-23 23:23:02', '1997-01-12 20:27:45'),
(276, 76, 6, '', '', '1997-09-18 07:49:58', '2009-12-07 22:40:01'),
(277, 77, 7, '', '', '2007-06-01 03:21:37', '2019-12-03 07:08:49'),
(278, 78, 8, '', '', '2006-09-30 04:27:27', '1986-01-01 20:17:27'),
(279, 79, 9, '', '', '2001-12-15 17:41:39', '2006-06-22 06:50:38'),
(280, 80, 10, '', '', '1971-09-18 23:10:13', '2023-03-04 00:11:46'),
(281, 81, 1, '', '', '1978-01-22 16:11:52', '1996-06-10 14:18:55'),
(282, 82, 2, '', '', '1992-08-24 20:34:55', '2007-08-20 20:13:25'),
(283, 83, 3, '', '', '1972-05-22 18:57:52', '1996-05-30 01:25:39'),
(284, 84, 4, '', '', '1973-04-22 05:10:19', '2002-10-09 21:26:58'),
(285, 85, 5, '', '', '1994-05-11 22:52:51', '2015-12-10 20:00:48'),
(286, 86, 6, '', '', '1995-06-26 17:14:07', '2016-12-29 06:53:37'),
(287, 87, 7, '', '', '1981-07-15 02:29:29', '1998-07-30 22:50:28'),
(288, 88, 8, '', '', '2004-01-04 03:35:03', '1979-11-24 05:41:51'),
(289, 89, 9, '', '', '1997-08-04 14:34:13', '1974-05-16 01:24:16'),
(290, 90, 10, '', '', '1997-09-24 02:52:15', '1981-09-15 17:51:34'),
(291, 91, 1, '', '', '1998-02-02 00:56:17', '2020-08-03 17:35:09'),
(292, 92, 2, '', '', '2011-03-29 09:39:07', '2014-04-10 21:14:37'),
(293, 93, 3, '', '', '2008-03-09 19:18:12', '2014-12-13 06:55:11'),
(294, 94, 4, '', '', '2011-11-24 05:33:16', '2003-02-18 18:20:35'),
(295, 95, 5, '', '', '1987-11-18 20:34:47', '1978-01-01 16:27:49'),
(296, 96, 6, '', '', '1998-04-16 12:25:32', '2012-04-05 12:13:31'),
(297, 97, 7, '', '', '2003-05-02 03:58:29', '2014-01-16 10:44:36'),
(298, 98, 8, '', '', '1988-06-03 20:31:19', '1973-08-21 08:32:38'),
(299, 99, 9, '', '', '2008-07-13 11:40:54', '1992-06-01 13:43:45'),
(300, 100, 10, '', '', '2011-05-10 16:33:40', '2015-09-26 23:38:14');

--
-- Índices para tablas volcadas
--

--
-- Indices de la tabla `GROUP`
--
ALTER TABLE `GROUP`
  ADD PRIMARY KEY (`Id`),
  ADD UNIQUE KEY `Id` (`Id`),
  ADD UNIQUE KEY `Name` (`Name`);

--
-- Indices de la tabla `GROUP_ROLE`
--
ALTER TABLE `GROUP_ROLE`
  ADD PRIMARY KEY (`Id`),
  ADD KEY `GROUP_ROLE_fk0` (`RoleId`),
  ADD KEY `GROUP_ROLE_fk1` (`GroupId`);

--
-- Indices de la tabla `ROLE`
--
ALTER TABLE `ROLE`
  ADD PRIMARY KEY (`Id`),
  ADD UNIQUE KEY `Name` (`Name`);

--
-- Indices de la tabla `USER`
--
ALTER TABLE `USER`
  ADD PRIMARY KEY (`Id`),
  ADD UNIQUE KEY `UserName` (`UserName`),
  ADD UNIQUE KEY `Email` (`Email`),
  ADD UNIQUE KEY `Document` (`Document`);

--
-- Indices de la tabla `USER_GROUP`
--
ALTER TABLE `USER_GROUP`
  ADD PRIMARY KEY (`Id`),
  ADD KEY `USER_GROUP_fk0` (`UserId`),
  ADD KEY `USER_GROUP_fk1` (`GroupId`);

--
-- Indices de la tabla `USER_ROLE`
--
ALTER TABLE `USER_ROLE`
  ADD PRIMARY KEY (`Id`),
  ADD KEY `USER_ROLE_fk0` (`UserId`),
  ADD KEY `USER_ROLE_fk1` (`RoleId`);

--
-- AUTO_INCREMENT de las tablas volcadas
--

--
-- AUTO_INCREMENT de la tabla `GROUP`
--
ALTER TABLE `GROUP`
  MODIFY `Id` int NOT NULL AUTO_INCREMENT, AUTO_INCREMENT=11;

--
-- AUTO_INCREMENT de la tabla `GROUP_ROLE`
--
ALTER TABLE `GROUP_ROLE`
  MODIFY `Id` int NOT NULL AUTO_INCREMENT, AUTO_INCREMENT=101;

--
-- AUTO_INCREMENT de la tabla `ROLE`
--
ALTER TABLE `ROLE`
  MODIFY `Id` int NOT NULL AUTO_INCREMENT, AUTO_INCREMENT=11;

--
-- AUTO_INCREMENT de la tabla `USER`
--
ALTER TABLE `USER`
  MODIFY `Id` int NOT NULL AUTO_INCREMENT, AUTO_INCREMENT=101;

--
-- AUTO_INCREMENT de la tabla `USER_GROUP`
--
ALTER TABLE `USER_GROUP`
  MODIFY `Id` int NOT NULL AUTO_INCREMENT, AUTO_INCREMENT=301;

--
-- AUTO_INCREMENT de la tabla `USER_ROLE`
--
ALTER TABLE `USER_ROLE`
  MODIFY `Id` int NOT NULL AUTO_INCREMENT, AUTO_INCREMENT=301;

--
-- Restricciones para tablas volcadas
--

--
-- Filtros para la tabla `GROUP_ROLE`
--
ALTER TABLE `GROUP_ROLE`
  ADD CONSTRAINT `GROUP_ROLE_fk0` FOREIGN KEY (`RoleId`) REFERENCES `ROLE` (`Id`),
  ADD CONSTRAINT `GROUP_ROLE_fk1` FOREIGN KEY (`GroupId`) REFERENCES `GROUP` (`Id`);

--
-- Filtros para la tabla `USER_GROUP`
--
ALTER TABLE `USER_GROUP`
  ADD CONSTRAINT `USER_GROUP_fk0` FOREIGN KEY (`UserId`) REFERENCES `USER` (`Id`),
  ADD CONSTRAINT `USER_GROUP_fk1` FOREIGN KEY (`GroupId`) REFERENCES `GROUP` (`Id`);

--
-- Filtros para la tabla `USER_ROLE`
--
ALTER TABLE `USER_ROLE`
  ADD CONSTRAINT `USER_ROLE_fk0` FOREIGN KEY (`UserId`) REFERENCES `USER` (`Id`),
  ADD CONSTRAINT `USER_ROLE_fk1` FOREIGN KEY (`RoleId`) REFERENCES `ROLE` (`Id`);
COMMIT;

/*!40101 SET CHARACTER_SET_CLIENT=@OLD_CHARACTER_SET_CLIENT */;
/*!40101 SET CHARACTER_SET_RESULTS=@OLD_CHARACTER_SET_RESULTS */;
/*!40101 SET COLLATION_CONNECTION=@OLD_COLLATION_CONNECTION */;
